0b04407b-f517-4e00-9e6a-494795efc73e,340d9a0b-9a43-4098-b116-9f79811bd508,dc394163-2b78-4b56-94e4-658597a29ef8,475d4e50-cebb-4cd0-8cd4-c3df97987962,f7c1f8f8-b935-45ed-8fc8-7def69d92a10
f78c95a8-9256-4757-9a9f-213df5c6854e,1151b040-8022-4965-96d2-8a4605ce456c,4277434f-e3c2-41ae-9ce3-23fd157f9347,fb51d2c4-cc69-4128-92f5-77ec38d66859,4e78efc4-e545-47af-9617-05ff816d86e2
d7ffc453-7c42-4fd7-bed6-b749e7a1a60c,f2a38e8c-2eb1-4f47-b3be-bf613153631e,b79e44f0-2a27-4f50-8a08-ce959a48c9c0,7217acaf-0f12-4cc0-95da-4fbe17b399dd,c4fc8802-d186-4c4d-85cd-d5d063b935c2
00b811a4-762b-492e-b5ef-9a673a55da57,2f550569-8859-4345-a554-ff698eef3ffe,0024d72c-136f-49f2-9078-ce4b39b94d3f,cc7da9f6-df0e-4f88-a921-0f3b13f51fd1,41bacfc2-c594-4e07-a70d-3675f39003ec
e1696a4f-e1b2-4727-a7df-d5b4207ffd52,0fef630e-df3d-4880-97b6-06eb3e2767a7,8e9ec4d9-2248-4f6f-af74-2982f107159a,0fef630e-df3d-4880-97b6-06eb3e2767a7,6b71d43e-9258-4abd-89da-921fe00070a1
e7d6d338-5e90-4133-8f8b-2a2e63f2a5eb,d1de63b3-fb80-46bc-befa-8e55076b379a,935e9356-19cc-467e-8bc5-f1c2e07caebc,fc89d5bf-a04c-41c9-836d-924e64302076,fc89d5bf-a04c-41c9-836d-924e64302076
952f360d-d678-40b2-8a64-18b4fa4c5f8f,fc89d5bf-a04c-41c9-836d-924e64302076,e1696a4f-e1b2-4727-a7df-d5b4207ffd52,fc89d5bf-a04c-41c9-836d-924e64302076,e1696a4f-e1b2-4727-a7df-d5b4207ffd52
e1696a4f-e1b2-4727-a7df-d5b4207ffd52,820c1ffc-5a54-4d68-9603-765b83531578,66eb69ab-a5e3-4d17-92a6-754c898e4c86,da8e7bec-f1ce-4664-a229-1c2320ea5e05,56a5d259-220d-4bf7-9416-99c365ec6103
66eb69ab-a5e3-4d17-92a6-754c898e4c86,da8e7bec-f1ce-4664-a229-1c2320ea5e05,56a5d259-220d-4bf7-9416-99c365ec6103,952f360d-d678-40b2-8a64-18b4fa4c5f8f,fc89d5bf-a04c-41c9-836d-924e64302076
56a5d259-220d-4bf7-9416-99c365ec6103,952f360d-d678-40b2-8a64-18b4fa4c5f8f,fc89d5bf-a04c-41c9-836d-924e64302076,e1696a4f-e1b2-4727-a7df-d5b4207ffd52,820c1ffc-5a54-4d68-9603-765b83531578
fc89d5bf-a04c-41c9-836d-924e64302076,e1696a4f-e1b2-4727-a7df-d5b4207ffd52,820c1ffc-5a54-4d68-9603-765b83531578,66eb69ab-a5e3-4d17-92a6-754c898e4c86,da8e7bec-f1ce-4664-a229-1c2320ea5e05
820c1ffc-5a54-4d68-9603-765b83531578,66eb69ab-a5e3-4d17-92a6-754c898e4c86,da8e7bec-f1ce-4664-a229-1c2320ea5e05,56a5d259-220d-4bf7-9416-99c365ec6103,952f360d-d678-40b2-8a64-18b4fa4c5f8f
afc94794-ba9f-42d3-afea-9c55f153e224,96602c7b-c0e1-41a5-872d-39de2cc62a2c,7ab86d3d-5ff6-4d04-b753-32ac3f30ff3d,0fef630e-df3d-4880-97b6-06eb3e2767a7,8e9ec4d9-2248-4f6f-af74-2982f107159a
0024d72c-136f-49f2-9078-ce4b39b94d3f,cc7da9f6-df0e-4f88-a921-0f3b13f51fd1,41bacfc2-c594-4e07-a70d-3675f39003ec,439757fd-0309-4aba-97d6-b3163fcdab21,5c84c4fa-fbb3-4a05-a8bb-eef8b44b1f44
0fef630e-df3d-4880-97b6-06eb3e2767a7,8e9ec4d9-2248-4f6f-af74-2982f107159a,6b71d43e-9258-4abd-89da-921fe00070a1,00b811a4-762b-492e-b5ef-9a673a55da57,2f550569-8859-4345-a554-ff698eef3ffe
f86b2131-2b8f-4deb-b0fb-3f3be3b9ab6a,7b7f365a-9b60-4e30-a8e3-17a7d0a45048,402ce8e4-bbbc-4bd9-9f83-4c91d52473ad,82784797-c2f8-444d-84e0-5bb70d7248d4,a15efe90-1a35-4633-8888-ab4bf879527a
82784797-c2f8-444d-84e0-5bb70d7248d4,a15efe90-1a35-4633-8888-ab4bf879527a,6bb694b1-0d23-46e9-a03f-03a9e1628a38,4168278f-2cd8-4d0d-ab81-0a7d8719d892,99b922ee-8d8b-4bd5-8973-e432b4599348
a15efe90-1a35-4633-8888-ab4bf879527a,6bb694b1-0d23-46e9-a03f-03a9e1628a38,402ce8e4-bbbc-4bd9-9f83-4c91d52473ad,82784797-c2f8-444d-84e0-5bb70d7248d4,402ce8e4-bbbc-4bd9-9f83-4c91d52473ad
01fb5c44-c200-4ae8-a0f9-23fbc388ede2,fde5806b-edd9-4513-aa9c-365db6d954a6,6f69766e-d6f9-4086-971e-1be5f9c0d660,402ce8e4-bbbc-4bd9-9f83-4c91d52473ad,82784797-c2f8-444d-84e0-5bb70d7248d4
1151b040-8022-4965-96d2-8a4605ce456c,4277434f-e3c2-41ae-9ce3-23fd157f9347,fb51d2c4-cc69-4128-92f5-77ec38d66859,4e78efc4-e545-47af-9617-05ff816d86e2,0b04407b-f517-4e00-9e6a-494795efc73e
4a045ce4-c7c9-4f2e-826b-291468953933,b79e44f0-2a27-4f50-8a08-ce959a48c9c0,7217acaf-0f12-4cc0-95da-4fbe17b399dd,c4fc8802-d186-4c4d-85cd-d5d063b935c2,f78c95a8-9256-4757-9a9f-213df5c6854e
1c558d0d-34fd-44e1-9abd-28f86d454cf7,996c807f-68df-4a23-aa2d-8ccd9b71b1da,6f69766e-d6f9-4086-971e-1be5f9c0d660,e7d6d338-5e90-4133-8f8b-2a2e63f2a5eb,e2454140-8a22-477a-aaea-d565a60fed99
0e432672-675c-42fe-b164-d7fd728c0cee,8f8e963f-2821-4eb6-b6ff-7dc361b3a536,6bec4dc2-1900-4900-ace0-2a8428cff9ae,6f69766e-d6f9-4086-971e-1be5f9c0d660,d1de63b3-fb80-46bc-befa-8e55076b379a
1c558d0d-34fd-44e1-9abd-28f86d454cf7,996c807f-68df-4a23-aa2d-8ccd9b71b1da,274f7902-9df9-419b-ab3d-e5844dbd7a42,342b9c70-57d3-4d44-bdb0-ae3f3e5af5e0,ffb38aab-0144-4c9b-8fcf-8f6dff4362fd
e81b2cfc-156d-49be-b041-09de02486eb7,d7ffc453-7c42-4fd7-bed6-b749e7a1a60c,d7ffc453-7c42-4fd7-bed6-b749e7a1a60c,6f69766e-d6f9-4086-971e-1be5f9c0d660,d1de63b3-fb80-46bc-befa-8e55076b379a
aa25c2ca-65f0-46ff-a555-26a4e5615333,10bc45ed-1e0a-45cd-9ffa-4cd7d701dd03,e95f0ec7-8e89-4360-85f8-6a4ba459fa65,10bc45ed-1e0a-45cd-9ffa-4cd7d701dd03,04e8b6d4-91c9-497d-b83e-d619df0085fd
977f5228-8365-411d-be4b-c26a74f01f92,997813db-724e-4d88-9ea1-94eeb0ffbab4,50d1ad97-dbca-40e6-8856-f275cc4c6a6a,aa25c2ca-65f0-46ff-a555-26a4e5615333,50d1ad97-dbca-40e6-8856-f275cc4c6a6a
d276b077-c05d-43c8-b168-63f12a6001b2,3dd21767-809c-4604-b52c-7bfdaeed3ed4,d276b077-c05d-43c8-b168-63f12a6001b2,977f5228-8365-411d-be4b-c26a74f01f92,997813db-724e-4d88-9ea1-94eeb0ffbab4
e624889c-79c7-48e8-aa85-3ad9c9178650,d7ffc453-7c42-4fd7-bed6-b749e7a1a60c,f2a38e8c-2eb1-4f47-b3be-bf613153631e,f2a38e8c-2eb1-4f47-b3be-bf613153631e,3dd21767-809c-4604-b52c-7bfdaeed3ed4
fb51d2c4-cc69-4128-92f5-77ec38d66859,29ecce85-b4c5-462e-abba-2e97176fe39a,e624889c-79c7-48e8-aa85-3ad9c9178650,29ecce85-b4c5-462e-abba-2e97176fe39a,ed6b0da1-b781-4c22-be7a-6ddfeec28042
7217acaf-0f12-4cc0-95da-4fbe17b399dd,c4fc8802-d186-4c4d-85cd-d5d063b935c2,f78c95a8-9256-4757-9a9f-213df5c6854e,1151b040-8022-4965-96d2-8a4605ce456c,4277434f-e3c2-41ae-9ce3-23fd157f9347
41b1f186-4ce3-420f-8d04-1b54bf4dab89,e7d6d338-5e90-4133-8f8b-2a2e63f2a5eb,e2454140-8a22-477a-aaea-d565a60fed99,4a045ce4-c7c9-4f2e-826b-291468953933,b79e44f0-2a27-4f50-8a08-ce959a48c9c0
4e78efc4-e545-47af-9617-05ff816d86e2,0b04407b-f517-4e00-9e6a-494795efc73e,01fb5c44-c200-4ae8-a0f9-23fbc388ede2,fde5806b-edd9-4513-aa9c-365db6d954a6,e15938f7-dc0c-4192-8057-419c5e7b44e7
c4fc8802-d186-4c4d-85cd-d5d063b935c2,f78c95a8-9256-4757-9a9f-213df5c6854e,1151b040-8022-4965-96d2-8a4605ce456c,4277434f-e3c2-41ae-9ce3-23fd157f9347,fb51d2c4-cc69-4128-92f5-77ec38d66859
e7d6d338-5e90-4133-8f8b-2a2e63f2a5eb,e2454140-8a22-477a-aaea-d565a60fed99,4a045ce4-c7c9-4f2e-826b-291468953933,b79e44f0-2a27-4f50-8a08-ce959a48c9c0,7217acaf-0f12-4cc0-95da-4fbe17b399dd
4e78efc4-e545-47af-9617-05ff816d86e2,0b04407b-f517-4e00-9e6a-494795efc73e,01fb5c44-c200-4ae8-a0f9-23fbc388ede2,fde5806b-edd9-4513-aa9c-365db6d954a6,e15938f7-dc0c-4192-8057-419c5e7b44e7
b79e44f0-2a27-4f50-8a08-ce959a48c9c0,b79e44f0-2a27-4f50-8a08-ce959a48c9c0,f78c95a8-9256-4757-9a9f-213df5c6854e,1151b040-8022-4965-96d2-8a4605ce456c,fb51d2c4-cc69-4128-92f5-77ec38d66859
82784797-c2f8-444d-84e0-5bb70d7248d4,a15efe90-1a35-4633-8888-ab4bf879527a,e7d6d338-5e90-4133-8f8b-2a2e63f2a5eb,e2454140-8a22-477a-aaea-d565a60fed99,4a045ce4-c7c9-4f2e-826b-291468953933
65f62dc5-2eeb-488a-9fd0-433d9a211477,8f11b0ec-8184-4eb5-8e62-87ba607f18c9,1d4e37cd-4161-44dd-b3aa-4a754c5c842c,f12b2e3e-53be-47cb-aeaa-ab4b15be1ef4,402ce8e4-bbbc-4bd9-9f83-4c91d52473ad
a8ccd15f-d68e-40af-8cdc-b8bd58f3c6d7,183c5ae4-f61c-42c1-83eb-a9bb7e0d6776,1f70f63d-d6dc-4fb7-bc89-de8ac5d8762e,b17b8cad-d1c2-4922-9c69-8439283a8be8,882302dc-fd5f-4f57-9577-3002e66b6c63
848b64b9-53bd-45ee-bb70-9840f4d9d733,6c91896e-448d-4436-9225-ac0885949d7f,2dabc779-275e-4a64-8287-451c3e12c484,8289b76d-19d0-4d82-94f7-0fe430466380,9c043b2d-727e-4549-a833-cb96544832b8
ed6b0da1-b781-4c22-be7a-6ddfeec28042,9e781e82-e26e-44da-913a-4a0bd39af87b,b76ba7dc-8334-408b-9982-a8efe7d6e248,3dc007c4-2528-4b6c-9638-c8e40b3e0b08,3fb049b3-b810-4220-b15e-3ec04dcfd35c
f7c1f8f8-b935-45ed-8fc8-7def69d92a10,5c1e415f-dc4f-407e-84e5-2ed56b95d73e,68890e25-1b38-493d-8566-8df8dedf377c,475d4e50-cebb-4cd0-8cd4-c3df97987962,f7c1f8f8-b935-45ed-8fc8-7def69d92a10
d276b077-c05d-43c8-b168-63f12a6001b2,977f5228-8365-411d-be4b-c26a74f01f92,997813db-724e-4d88-9ea1-94eeb0ffbab4,50d1ad97-dbca-40e6-8856-f275cc4c6a6a,7f12b334-a7f3-4169-a234-b2b3e06f489c
04e8b6d4-91c9-497d-b83e-d619df0085fd,e81b2cfc-156d-49be-b041-09de02486eb7,d7ffc453-7c42-4fd7-bed6-b749e7a1a60c,f2a38e8c-2eb1-4f47-b3be-bf613153631e,3dd21767-809c-4604-b52c-7bfdaeed3ed4
997813db-724e-4d88-9ea1-94eeb0ffbab4,50d1ad97-dbca-40e6-8856-f275cc4c6a6a,aa25c2ca-65f0-46ff-a555-26a4e5615333,10bc45ed-1e0a-45cd-9ffa-4cd7d701dd03,e95f0ec7-8e89-4360-85f8-6a4ba459fa65
d7ffc453-7c42-4fd7-bed6-b749e7a1a60c,f2a38e8c-2eb1-4f47-b3be-bf613153631e,3dd21767-809c-4604-b52c-7bfdaeed3ed4,d276b077-c05d-43c8-b168-63f12a6001b2,977f5228-8365-411d-be4b-c26a74f01f92
aa25c2ca-65f0-46ff-a555-26a4e5615333,10bc45ed-1e0a-45cd-9ffa-4cd7d701dd03,e95f0ec7-8e89-4360-85f8-6a4ba459fa65,04e8b6d4-91c9-497d-b83e-d619df0085fd,e81b2cfc-156d-49be-b041-09de02486eb7
d7ffc453-7c42-4fd7-bed6-b749e7a1a60c,f2a38e8c-2eb1-4f47-b3be-bf613153631e,3dd21767-809c-4604-b52c-7bfdaeed3ed4,997813db-724e-4d88-9ea1-94eeb0ffbab4,50d1ad97-dbca-40e6-8856-f275cc4c6a6a
4168278f-2cd8-4d0d-ab81-0a7d8719d892,f2a38e8c-2eb1-4f47-b3be-bf613153631e,d7ffc453-7c42-4fd7-bed6-b749e7a1a60c,d7ffc453-7c42-4fd7-bed6-b749e7a1a60c,f2a38e8c-2eb1-4f47-b3be-bf613153631e
82784797-c2f8-444d-84e0-5bb70d7248d4,475d4e50-cebb-4cd0-8cd4-c3df97987962,f7c1f8f8-b935-45ed-8fc8-7def69d92a10,402ce8e4-bbbc-4bd9-9f83-4c91d52473ad,6bb694b1-0d23-46e9-a03f-03a9e1628a38
99b922ee-8d8b-4bd5-8973-e432b4599348,f86b2131-2b8f-4deb-b0fb-3f3be3b9ab6a,7b7f365a-9b60-4e30-a8e3-17a7d0a45048,8cfa6c3b-fbda-421c-a1fa-f414e97eac5d,402ce8e4-bbbc-4bd9-9f83-4c91d52473ad
402ce8e4-bbbc-4bd9-9f83-4c91d52473ad,82784797-c2f8-444d-84e0-5bb70d7248d4,a15efe90-1a35-4633-8888-ab4bf879527a,6bb694b1-0d23-46e9-a03f-03a9e1628a38,4168278f-2cd8-4d0d-ab81-0a7d8719d892
50bae01a-5c93-4593-9051-4d52dbc2bd71,21179326-9c43-4537-a239-321615e4a314,2a035416-9556-47f9-b7a7-1da2837e4148,352887c5-48dc-4270-acc1-81e2256d0a8c,25977392-c83d-48ea-8631-82be3d3ef8cd
d1abddd8-dbae-4ead-9ca6-ac08bfbcc6f6,bc09b57b-f997-41dd-9d9e-cfb88e381985,7d8b1208-af72-4b61-ba8b-7fe35fe8c386,e86a28e6-1afb-40dc-92fe-5f04e9ccc92d,70575a6f-3644-45f3-bff2-85d73219f909
25977392-c83d-48ea-8631-82be3d3ef8cd,7c5ab380-9609-4a75-8d9f-e7855d9eb626,a1e07c0a-ccd9-43b8-ad0a-bd62a6eff8b8,c74c7a90-504a-4495-bef9-a6706105559a,898aad22-44bf-4e27-b507-00e56e604fbb
70575a6f-3644-45f3-bff2-85d73219f909,50bae01a-5c93-4593-9051-4d52dbc2bd71,21179326-9c43-4537-a239-321615e4a314,2a035416-9556-47f9-b7a7-1da2837e4148,352887c5-48dc-4270-acc1-81e2256d0a8c
f7c1f8f8-b935-45ed-8fc8-7def69d92a10,475d4e50-cebb-4cd0-8cd4-c3df97987962,475d4e50-cebb-4cd0-8cd4-c3df97987962,f7c1f8f8-b935-45ed-8fc8-7def69d92a10,e86a28e6-1afb-40dc-92fe-5f04e9ccc92d
f7c1f8f8-b935-45ed-8fc8-7def69d92a10,29ecce85-b4c5-462e-abba-2e97176fe39a,800cc323-9c0f-4845-9417-9e8b5c06f1e5,e9d8b598-4e5e-41c6-816f-ee6a63634c8e,475d4e50-cebb-4cd0-8cd4-c3df97987962
7d8b1208-af72-4b61-ba8b-7fe35fe8c386,475d4e50-cebb-4cd0-8cd4-c3df97987962,f7c1f8f8-b935-45ed-8fc8-7def69d92a10,c568cbab-2bc4-42ad-bbdd-215250c1134d,e90ca3d3-13f9-4bdd-badc-411e6f52ab90
a1e07c0a-ccd9-43b8-ad0a-bd62a6eff8b8,c74c7a90-504a-4495-bef9-a6706105559a,898aad22-44bf-4e27-b507-00e56e604fbb,d1abddd8-dbae-4ead-9ca6-ac08bfbcc6f6,bc09b57b-f997-41dd-9d9e-cfb88e381985
21179326-9c43-4537-a239-321615e4a314,2a035416-9556-47f9-b7a7-1da2837e4148,352887c5-48dc-4270-acc1-81e2256d0a8c,25977392-c83d-48ea-8631-82be3d3ef8cd,7c5ab380-9609-4a75-8d9f-e7855d9eb626
bc09b57b-f997-41dd-9d9e-cfb88e381985,7d8b1208-af72-4b61-ba8b-7fe35fe8c386,e86a28e6-1afb-40dc-92fe-5f04e9ccc92d,70575a6f-3644-45f3-bff2-85d73219f909,50bae01a-5c93-4593-9051-4d52dbc2bd71
7c5ab380-9609-4a75-8d9f-e7855d9eb626,a1e07c0a-ccd9-43b8-ad0a-bd62a6eff8b8,c74c7a90-504a-4495-bef9-a6706105559a,898aad22-44bf-4e27-b507-00e56e604fbb,d1abddd8-dbae-4ead-9ca6-ac08bfbcc6f6
50bae01a-5c93-4593-9051-4d52dbc2bd71,21179326-9c43-4537-a239-321615e4a314,2a035416-9556-47f9-b7a7-1da2837e4148,352887c5-48dc-4270-acc1-81e2256d0a8c,25977392-c83d-48ea-8631-82be3d3ef8cd
f7c1f8f8-b935-45ed-8fc8-7def69d92a10,f7c1f8f8-b935-45ed-8fc8-7def69d92a10,475d4e50-cebb-4cd0-8cd4-c3df97987962,e86a28e6-1afb-40dc-92fe-5f04e9ccc92d,70575a6f-3644-45f3-bff2-85d73219f909
3dc007c4-2528-4b6c-9638-c8e40b3e0b08,3fb049b3-b810-4220-b15e-3ec04dcfd35c,848b64b9-53bd-45ee-bb70-9840f4d9d733,475d4e50-cebb-4cd0-8cd4-c3df97987962,475d4e50-cebb-4cd0-8cd4-c3df97987962
29ecce85-b4c5-462e-abba-2e97176fe39a,e624889c-79c7-48e8-aa85-3ad9c9178650,ed6b0da1-b781-4c22-be7a-6ddfeec28042,9e781e82-e26e-44da-913a-4a0bd39af87b,b76ba7dc-8334-408b-9982-a8efe7d6e248
763b2ea5-3314-48c6-88de-c1156b7d4c83,955d241f-f9ac-4f7d-abd7-3daaeabc2c3e,a05ee235-5b53-42fe-bdd0-d0553416d219,584c9b15-c723-4563-9f94-c4a407993170,584c9b15-c723-4563-9f94-c4a407993170
9352e581-0da2-469c-9d10-23b127d8465c,bce3be4a-2099-4253-b264-3f85bd75561d,660fce94-a729-4664-8d5c-9691c644ecc3,c7322841-cca8-4f8b-bbc4-e3bfdf451be9,86d3fad0-55e8-4f45-8896-bc5077769301
52ba3181-cb09-4aed-9916-e49109edfddd,2c2f3405-21c8-4d01-9aba-75f500a75eb0,b156d89e-c261-49c2-becb-6ee2f012da6e,2c2f3405-21c8-4d01-9aba-75f500a75eb0,355b774f-f892-4a2d-9b49-0326bae28752
475d4e50-cebb-4cd0-8cd4-c3df97987962,584c9b15-c723-4563-9f94-c4a407993170,5281dfab-f2e2-4f14-96d0-25e641c56254,52ba3181-cb09-4aed-9916-e49109edfddd,5281dfab-f2e2-4f14-96d0-25e641c56254
68890e25-1b38-493d-8566-8df8dedf377c,475d4e50-cebb-4cd0-8cd4-c3df97987962,f7c1f8f8-b935-45ed-8fc8-7def69d92a10,5c1e415f-dc4f-407e-84e5-2ed56b95d73e,68890e25-1b38-493d-8566-8df8dedf377c
475d4e50-cebb-4cd0-8cd4-c3df97987962,f7c1f8f8-b935-45ed-8fc8-7def69d92a10,68890e25-1b38-493d-8566-8df8dedf377c,475d4e50-cebb-4cd0-8cd4-c3df97987962,f7c1f8f8-b935-45ed-8fc8-7def69d92a10
584c9b15-c723-4563-9f94-c4a407993170,5c1e415f-dc4f-407e-84e5-2ed56b95d73e,68890e25-1b38-493d-8566-8df8dedf377c,475d4e50-cebb-4cd0-8cd4-c3df97987962,f7c1f8f8-b935-45ed-8fc8-7def69d92a10
f7c1f8f8-b935-45ed-8fc8-7def69d92a10,5c1e415f-dc4f-407e-84e5-2ed56b95d73e,68890e25-1b38-493d-8566-8df8dedf377c,475d4e50-cebb-4cd0-8cd4-c3df97987962,f7c1f8f8-b935-45ed-8fc8-7def69d92a10
f7c1f8f8-b935-45ed-8fc8-7def69d92a10,475d4e50-cebb-4cd0-8cd4-c3df97987962,475d4e50-cebb-4cd0-8cd4-c3df97987962,475d4e50-cebb-4cd0-8cd4-c3df97987962,475d4e50-cebb-4cd0-8cd4-c3df97987962
5c1e415f-dc4f-407e-84e5-2ed56b95d73e,68890e25-1b38-493d-8566-8df8dedf377c,475d4e50-cebb-4cd0-8cd4-c3df97987962,f7c1f8f8-b935-45ed-8fc8-7def69d92a10,475d4e50-cebb-4cd0-8cd4-c3df97987962
f7c1f8f8-b935-45ed-8fc8-7def69d92a10,5c1e415f-dc4f-407e-84e5-2ed56b95d73e,68890e25-1b38-493d-8566-8df8dedf377c,475d4e50-cebb-4cd0-8cd4-c3df97987962,f7c1f8f8-b935-45ed-8fc8-7def69d92a10